Parameter,Factor
2.14150584128688,ZERORI
30.3539928553187,SSRI
