Parameter,Factor
7.41191291629769,ZEROER
9.09518567020641,SSER
3.89274940155268,ZEROER*SSBY
