Parameter,Factor
7.94684077410222,ZEROER
9.20526988774366,SSER
3.9117159805171,ZEROER*SSBY
