Parameter,Factor
9.78771549469748,ZEROCC
1.27828175074599,SSCC
1.18105687184845,ZERORI
31.8694751639901,SSRI
2.60783422675302,ZEROFP*SSRI
