Parameter,Factor
9.7245761718238,ZEROCC
1.33998784730434,SSCC
1.24059341317233,ZERORI
31.2701391468297,SSRI
