Parameter,Factor
5.92086611901422,ZEROER
9.23036786304707,SSER
0.41935607783037,ZERORI
29.2511292581207,SSRI
3.69776932099508,ZEROER*SSBY
