Parameter,Factor
1.56317753642025,ZERORI
24.6100563659256,SSRI
35.4160165788071,SSRI*SSCA
