Parameter,Factor
2.36499603365012,ZERORI
29.5179023221051,SSRI
